Player Name,player_id,Season,Age,Team,Games,Minutes,BPM,PTS,REB,AST
Jordan Young 1,1,2018,21,TM22,72,2146.3,-1.24,777,303,183
Jordan Young 1,1,2019,22,TM3,74,2219.7,2.52,1155,447,290
Jordan Young 1,1,2020,23,TM27,76,2350.9,1.46,1038,474,326
Jordan Young 1,1,2021,24,TM16,78,2306.5,2.77,1101,488,333
Jordan Young 1,1,2022,25,TM11,74,2160.1,2.23,1219,501,299
Jordan Young 1,1,2023,26,TM30,76,2294.8,1.96,1256,443,340
Jordan Young 1,1,2024,27,TM29,76,2094.4,1.49,1061,382,285
Chris Moore 2,2,2018,21,TM23,74,1655.6,-1.06,504,276,112
Chris Moore 2,2,2019,22,TM20,77,1865.0,-2.29,314,231,109
Chris Moore 2,2,2020,23,TM24,75,2068.9,0.48,906,448,178
Chris Moore 2,2,2021,24,TM14,76,1555.0,-0.42,637,333,288
Chris Moore 2,2,2022,25,TM20,71,1896.1,-0.28,688,251,114
Chris Moore 2,2,2023,26,TM29,72,1484.1,-0.18,736,208,195
Chris Moore 2,2,2024,27,TM7,75,1487.3,-1.47,459,270,135
Deni Johnson 3,3,2017,20,TM4,77,2330.6,-2.68,475,362,83
Deni Johnson 3,3,2018,21,TM7,76,1928.0,-1.08,403,278,134
Deni Johnson 3,3,2019,22,TM28,73,1726.0,-0.59,705,294,239
Deni Johnson 3,3,2020,23,TM4,73,1851.9,-0.29,946,395,153
Deni Johnson 3,3,2021,24,TM25,77,1781.4,-2.25,432,166,105
Deni Johnson 3,3,2022,25,TM23,71,2173.1,3.1,1116,471,374
Deni Johnson 3,3,2023,26,TM5,74,1551.9,0.94,670,297,173
Jalen Sengun 4,4,2017,23,TM8,77,2346.9,0.13,832,325,343
Jalen Sengun 4,4,2018,24,TM20,72,1791.5,0.06,678,308,274
Jalen Sengun 4,4,2019,25,TM13,77,2382.4,-0.27,1001,363,250
Jalen Sengun 4,4,2020,26,TM9,71,2039.7,-0.53,815,308,275
Jalen Sengun 4,4,2021,27,TM29,73,1766.9,2.21,989,336,212
Jalen Sengun 4,4,2022,28,TM17,78,2151.6,-1.65,656,294,205
Jalen Sengun 4,4,2023,29,TM20,75,2122.4,0.69,1011,445,274
Jalen Sengun 4,4,2024,30,TM29,77,1738.9,0.04,823,255,155
Jalen Sengun 4,4,2025,31,TM18,71,1731.4,-0.15,784,207,128
Alperen Wilson 5,5,2015,19,TM14,73,1973.6,-2.03,548,280,114
Alperen Wilson 5,5,2016,20,TM8,77,2241.4,-3.88,178,112,0
Alperen Wilson 5,5,2017,21,TM25,75,1974.5,1.04,904,323,221
Alperen Wilson 5,5,2018,22,TM12,73,1715.4,0.02,657,199,235
Alperen Wilson 5,5,2019,23,TM14,74,1642.1,1.16,724,361,232
Alperen Wilson 5,5,2020,24,TM5,75,2238.7,-0.34,866,357,256
Alperen Wilson 5,5,2021,25,TM18,77,1982.1,3.55,1322,414,357
Nikola Sengun 6,6,2018,22,TM17,69,1693.3,0.4,802,313,186
Nikola Sengun 6,6,2019,23,TM21,77,1626.5,-1.22,635,273,115
Nikola Sengun 6,6,2020,24,TM28,73,2151.2,1.84,1159,394,359
Nikola Sengun 6,6,2021,25,TM8,71,1951.8,1.26,1079,353,207
Nikola Sengun 6,6,2022,26,TM26,74,2259.9,-1.22,612,217,153
Nikola Sengun 6,6,2023,27,TM13,73,2062.3,1.79,1062,532,286
Nikola Sengun 6,6,2024,28,TM8,71,1995.0,2.03,938,461,330
Nikola Sengun 6,6,2025,29,TM27,78,2174.8,0.1,882,279,326
Tyler Porter 7,7,2019,24,TM26,69,828.0,-6.64,0,19,19
Tyler Porter 7,7,2020,25,TM20,72,864.0,-4.52,48,74,0
Tyler Porter 7,7,2021,26,TM19,71,905.8,-4.7,116,55,19
Tyler Porter 7,7,2022,27,TM13,71,852.0,-5.93,50,56,0
Tyler Porter 7,7,2023,28,TM11,70,840.0,-3.03,163,129,25
Tyler Porter 7,7,2024,29,TM11,78,936.0,-6.75,0,10,0
Tyler Porter 7,7,2025,30,TM18,69,997.6,-4.21,263,96,52
Tyler Porter 7,7,2026,31,TM29,69,828.0,-6.2,22,32,28
Alperen Young 8,8,2013,19,TM12,75,1165.9,-9.46,0,0,0
Alperen Young 8,8,2014,20,TM4,80,960.0,-7.59,0,0,0
Alperen Young 8,8,2015,21,TM7,73,967.0,-6.03,0,18,22
Alperen Young 8,8,2016,22,TM28,80,1029.8,-4.56,159,34,0
Alperen Young 8,8,2017,23,TM26,77,1369.9,-5.08,79,59,37
Alperen Young 8,8,2018,24,TM13,70,1023.3,-4.54,133,29,39
Nikola Williams 9,9,2018,24,TM16,73,2097.8,2.87,1174,571,385
Nikola Williams 9,9,2019,25,TM18,74,2529.2,3.61,1290,590,503
Nikola Williams 9,9,2020,26,TM23,73,2110.6,3.08,1243,466,309
Nikola Williams 9,9,2021,27,TM29,74,2308.9,5.7,1553,505,356
Nikola Williams 9,9,2022,28,TM7,71,2698.0,3.06,1840,613,569
Nikola Williams 9,9,2023,29,TM12,71,2377.1,3.23,1438,574,264
Nikola Williams 9,9,2024,30,TM6,71,2231.1,2.33,1180,490,272
Nikola Williams 9,9,2025,31,TM27,75,2499.1,4.25,1466,541,379
Nikola Williams 9,9,2026,32,TM26,75,2260.9,1.4,1021,441,284
Jordan Hayes 10,10,2015,22,TM6,73,1942.1,-1.62,482,284,193
Jordan Hayes 10,10,2016,23,TM14,74,1760.7,0.12,641,289,291
Jordan Hayes 10,10,2017,24,TM27,74,2318.9,0.73,1081,345,280
Jordan Hayes 10,10,2018,25,TM26,76,2082.5,-1.41,674,79,83
Jordan Hayes 10,10,2019,26,TM23,76,2099.0,2.51,1154,394,315
Jordan Hayes 10,10,2020,27,TM13,78,1992.6,0.85,903,399,194
Jordan Hayes 10,10,2021,28,TM11,69,1530.5,1.23,684,271,238
Jordan Hayes 10,10,2022,29,TM4,68,1710.3,2.15,890,373,283
Luka Jokic 11,11,2018,19,TM9,75,1413.4,-5.99,64,95,0
Luka Jokic 11,11,2019,20,TM13,71,1265.3,-4.42,111,130,71
Luka Jokic 11,11,2020,21,TM23,67,1216.4,-2.18,218,201,96
Luka Jokic 11,11,2021,22,TM1,73,1066.5,-2.71,323,119,64
Luka Jokic 11,11,2022,23,TM13,78,2047.8,-4.02,457,195,82
Luka Jokic 11,11,2023,24,TM13,76,1218.9,-3.0,304,138,52
Alex Porter 12,12,2013,19,TM11,74,2114.5,-4.21,185,256,136
Alex Porter 12,12,2014,20,TM17,74,1739.5,-1.5,517,203,138
Alex Porter 12,12,2015,21,TM26,78,1855.6,-0.63,579,358,178
Alex Porter 12,12,2016,22,TM7,72,1909.2,0.18,814,304,272
Alex Porter 12,12,2017,23,TM7,69,1751.4,-0.23,510,236,146
Alex Porter 12,12,2018,24,TM19,74,1535.4,1.13,618,286,131
Alex Porter 12,12,2019,25,TM1,73,1631.1,0.43,711,313,187
Alex Porter 12,12,2020,26,TM6,75,1777.0,2.41,849,314,245
Kevin Williams 13,13,2013,22,TM14,76,1525.4,-3.56,36,90,2
Kevin Williams 13,13,2014,23,TM28,73,1620.7,-1.58,422,246,163
Kevin Williams 13,13,2015,24,TM21,73,1641.3,-0.34,721,217,250
Kevin Williams 13,13,2016,25,TM10,71,1310.1,-1.42,452,181,178
Kevin Williams 13,13,2017,26,TM30,73,1842.5,0.04,683,328,174
Alex Doncic 14,14,2013,23,TM24,76,1659.8,-0.26,804,306,185
Alex Doncic 14,14,2014,24,TM4,72,1991.6,0.94,861,231,197
Alex Doncic 14,14,2015,25,TM10,72,2255.6,1.08,1074,330,366
Alex Doncic 14,14,2016,26,TM14,75,2002.3,-0.92,652,339,87
Alex Doncic 14,14,2017,27,TM20,74,2512.4,0.51,945,474,331
Alex Doncic 14,14,2018,28,TM29,74,1623.8,1.82,985,349,213
Alex Doncic 14,14,2019,29,TM6,72,1940.4,-0.64,822,366,247
Alex Doncic 14,14,2020,30,TM11,68,1774.9,1.44,739,362,195
Alex Doncic 14,14,2021,31,TM30,77,2127.2,0.38,945,287,320
Alex Doncic 14,14,2022,32,TM6,80,2232.2,-0.52,878,349,261
Kevin Hayes 15,15,2019,22,TM17,77,2423.7,2.42,1326,457,423
Kevin Hayes 15,15,2020,23,TM15,74,2295.1,1.48,1044,260,232
Kevin Hayes 15,15,2021,24,TM20,74,2306.9,4.31,1699,558,384
Kevin Hayes 15,15,2022,25,TM20,72,2389.9,2.36,1160,538,425
Kevin Hayes 15,15,2023,26,TM19,74,1740.7,2.27,903,468,189
Kevin Hayes 15,15,2024,27,TM6,71,2338.7,1.15,1116,454,265
Kevin Hayes 15,15,2025,28,TM24,77,2067.8,3.97,1171,472,331
Kevin Hayes 15,15,2026,29,TM10,76,2333.3,2.35,1314,554,221
Deni Brown 16,16,2017,19,TM15,71,2301.2,-0.66,842,417,156
Deni Brown 16,16,2018,20,TM9,70,2425.6,-0.55,621,324,284
Deni Brown 16,16,2019,21,TM29,77,2268.7,-0.91,677,292,266
Deni Brown 16,16,2020,22,TM29,73,2266.4,2.65,1049,496,338
Deni Brown 16,16,2021,23,TM18,75,1793.8,2.01,1036,361,287
Deni Brown 16,16,2022,24,TM6,77,2247.9,0.7,794,394,230
Deni Brown 16,16,2023,25,TM15,73,1919.5,2.07,1134,424,290
Deni Brown 16,16,2024,26,TM29,77,2476.1,6.28,1668,737,482
Deni Brown 16,16,2025,27,TM27,69,1856.1,1.79,940,373,276
Chris Porter 17,17,2013,24,TM16,72,1983.6,-0.7,610,276,267
Chris Porter 17,17,2014,25,TM13,66,1587.1,0.06,561,262,107
Chris Porter 17,17,2015,26,TM7,73,1530.5,0.22,720,234,203
Chris Porter 17,17,2016,27,TM23,76,1791.8,-1.37,494,189,179
Chris Porter 17,17,2017,28,TM29,77,1737.2,0.1,462,304,288
Chris Porter 17,17,2018,29,TM30,74,1807.2,-0.01,649,331,133
Chris Porter 17,17,2019,30,TM30,80,2193.9,-0.43,681,315,233
Chris Porter 17,17,2020,31,TM24,72,1755.0,-1.33,684,272,92
Chris Porter 17,17,2021,32,TM21,75,1663.8,-2.14,377,259,155
Marcus Doncic 18,18,2016,19,TM7,72,1555.1,-0.89,481,235,94
Marcus Doncic 18,18,2017,20,TM16,73,1244.1,-3.78,244,158,98
Marcus Doncic 18,18,2018,21,TM1,76,1913.2,-2.32,276,215,121
Marcus Doncic 18,18,2019,22,TM23,75,1394.2,-0.08,535,232,190
Marcus Doncic 18,18,2020,23,TM30,73,1982.0,-0.34,701,201,251
Marcus Doncic 18,18,2021,24,TM10,73,1868.5,0.18,756,329,200
Marcus Doncic 18,18,2022,25,TM26,75,1531.6,-1.34,473,168,120
Marcus Doncic 18,18,2023,26,TM2,78,1737.6,-0.09,767,306,123
Taylor Wilson 19,19,2018,21,TM5,76,2367.9,-0.48,882,430,207
Taylor Wilson 19,19,2019,22,TM8,71,2370.5,0.09,948,267,285
Taylor Wilson 19,19,2020,23,TM18,72,1971.1,0.34,857,317,171
Taylor Wilson 19,19,2021,24,TM24,72,2128.5,1.04,1014,352,303
Taylor Wilson 19,19,2022,25,TM28,75,2415.1,-0.11,1074,393,184
Taylor Wilson 19,19,2023,26,TM15,70,2375.3,1.95,1054,441,288
Taylor Wilson 19,19,2024,27,TM5,73,1961.1,1.94,900,510,284
Marcus Moore 20,20,2015,24,TM5,75,1715.5,0.38,729,294,181
Marcus Moore 20,20,2016,25,TM19,75,1579.2,0.96,541,302,270
Marcus Moore 20,20,2017,26,TM16,73,1662.6,0.36,558,307,220
Marcus Moore 20,20,2018,27,TM19,75,1761.3,2.64,925,352,295
Marcus Moore 20,20,2019,28,TM14,79,2262.8,1.0,859,533,330
Alex Johnson 21,21,2014,23,TM10,73,1518.1,-2.11,442,81,124
Alex Johnson 21,21,2015,24,TM12,76,1910.5,0.52,754,390,176
Alex Johnson 21,21,2016,25,TM29,74,1857.6,-1.04,683,209,234
Alex Johnson 21,21,2017,26,TM3,72,1867.4,0.75,794,388,229
Alex Johnson 21,21,2018,27,TM13,75,1414.7,0.06,560,187,157
Jalen Porter 22,22,2015,20,TM24,71,2015.7,-1.25,539,186,268
Jalen Porter 22,22,2016,21,TM24,75,1837.5,0.06,614,267,217
Jalen Porter 22,22,2017,22,TM12,74,1869.1,-0.62,667,300,228
Jalen Porter 22,22,2018,23,TM11,73,1785.9,1.08,918,340,346
Jalen Porter 22,22,2019,24,TM28,74,2527.0,0.67,985,405,243
Jalen Porter 22,22,2020,25,TM29,75,2003.2,1.18,960,335,300
Jalen Porter 22,22,2021,26,TM28,72,2144.0,4.37,1202,495,358
Devin Miller 23,23,2018,23,TM27,74,1243.0,-1.27,403,112,77
Devin Miller 23,23,2019,24,TM21,73,1104.0,-3.97,164,104,0
Devin Miller 23,23,2020,25,TM14,70,1163.0,-1.08,439,211,166
Devin Miller 23,23,2021,26,TM1,69,1267.5,-1.91,499,174,117
Devin Miller 23,23,2022,27,TM19,75,1275.2,-1.2,345,133,149
Devin Miller 23,23,2023,28,TM8,79,1402.5,-1.33,351,194,151
Devin Miller 23,23,2024,29,TM4,73,1338.2,-2.07,387,199,125
Trae Hayes 24,24,2016,24,TM10,76,1857.6,-1.69,658,249,211
Trae Hayes 24,24,2017,25,TM30,76,2242.5,1.8,1065,525,374
Trae Hayes 24,24,2018,26,TM9,75,1845.8,-0.12,421,281,220
Trae Hayes 24,24,2019,27,TM25,73,2203.7,1.69,1145,462,289
Trae Hayes 24,24,2020,28,TM14,75,1419.9,1.29,489,330,195
Trae Hayes 24,24,2021,29,TM4,75,1845.5,0.68,1078,375,280
Trae Hayes 24,24,2022,30,TM12,79,2252.8,0.12,871,338,349
Trae Hayes 24,24,2023,31,TM12,69,1593.1,-0.48,615,363,230
Taylor Porter 25,25,2017,19,TM21,77,2161.6,-2.35,497,309,64
Taylor Porter 25,25,2018,20,TM17,69,1744.5,-2.52,367,196,89
Taylor Porter 25,25,2019,21,TM16,68,1416.3,-1.12,383,267,64
Taylor Porter 25,25,2020,22,TM5,68,2131.5,2.98,1149,478,451
Taylor Porter 25,25,2021,23,TM19,71,1774.7,0.89,885,320,227
Luka Moore 26,26,2020,22,TM29,74,1895.4,-0.27,715,358,170
Luka Moore 26,26,2021,23,TM5,77,1888.8,-0.02,651,291,278
Luka Moore 26,26,2022,24,TM29,71,1807.2,2.12,933,371,259
Luka Moore 26,26,2023,25,TM10,72,1858.4,2.49,1234,393,170
Luka Moore 26,26,2024,26,TM14,78,2304.9,2.8,1408,607,386
Luka Moore 26,26,2025,27,TM20,77,2349.4,1.76,1090,473,424
Luka Moore 26,26,2026,28,TM26,75,2533.2,3.06,1449,547,487
Luka Moore 26,26,2027,29,TM9,72,1836.0,-0.22,752,330,222
Jalen Wilson 27,27,2019,22,TM24,74,1674.8,-3.69,352,226,152
Jalen Wilson 27,27,2020,23,TM8,69,1772.7,0.42,753,306,228
Jalen Wilson 27,27,2021,24,TM26,74,1979.9,0.25,956,357,263
Jalen Wilson 27,27,2022,25,TM7,69,1932.4,-0.42,724,370,153
Jalen Wilson 27,27,2023,26,TM15,73,1586.7,-0.16,684,226,245
Jalen Wilson 27,27,2024,27,TM21,71,1678.8,0.8,643,303,209
Jalen Wilson 27,27,2025,28,TM27,72,1585.2,0.44,651,235,146
Jalen Wilson 27,27,2026,29,TM5,71,1961.9,-1.16,622,251,195
Jalen Wilson 27,27,2027,30,TM12,74,1698.9,0.15,614,321,261
Kevin Davis 28,28,2017,23,TM24,75,1602.8,-0.09,458,254,233
Kevin Davis 28,28,2018,24,TM10,68,1926.7,1.38,934,363,280
Kevin Davis 28,28,2019,25,TM20,73,1900.2,1.41,919,424,198
Kevin Davis 28,28,2020,26,TM23,71,1556.4,2.4,793,331,218
Kevin Davis 28,28,2021,27,TM8,75,2166.4,1.89,1219,412,299
Kevin Davis 28,28,2022,28,TM17,77,2015.0,2.55,964,472,328
Kevin Davis 28,28,2023,29,TM23,72,2238.1,1.32,1146,490,334
Devin Doncic 29,29,2020,21,TM2,73,2734.4,3.12,1576,578,412
Devin Doncic 29,29,2021,22,TM4,70,2547.6,4.74,1852,590,424
Devin Doncic 29,29,2022,23,TM8,77,2730.8,4.48,1753,661,467
Devin Doncic 29,29,2023,24,TM5,82,2688.5,5.51,2063,799,431
Devin Doncic 29,29,2024,25,TM4,76,2798.7,6.87,2563,711,825
Devin Doncic 29,29,2025,26,TM28,75,2839.9,6.41,2228,814,705
Devin Doncic 29,29,2026,27,TM21,77,2926.0,5.91,2428,935,633
Devin Doncic 29,29,2027,28,TM21,79,2725.8,3.74,1779,593,704
Devin Jokic 30,30,2017,22,TM1,75,1868.9,0.24,698,277,236
Devin Jokic 30,30,2018,23,TM28,73,2237.4,1.28,1098,423,255
Devin Jokic 30,30,2019,24,TM18,76,2638.0,2.78,1414,585,499
Devin Jokic 30,30,2020,25,TM19,70,2599.8,1.8,1429,472,383
Devin Jokic 30,30,2021,26,TM30,69,2427.5,4.06,1444,411,315
Devin Jokic 30,30,2022,27,TM23,74,2276.7,2.93,1321,610,391
Devin Jokic 30,30,2023,28,TM23,75,1894.7,2.78,1115,424,308
Devin Jokic 30,30,2024,29,TM30,76,2249.7,4.85,1538,651,428
Deni Miller 31,31,2014,23,TM15,68,2030.3,-0.11,954,346,300
Deni Miller 31,31,2015,24,TM22,76,2131.7,-0.24,946,386,345
Deni Miller 31,31,2016,25,TM20,74,1800.2,0.51,855,290,184
Deni Miller 31,31,2017,26,TM12,73,1871.0,2.11,828,345,288
Deni Miller 31,31,2018,27,TM22,73,1852.3,1.9,923,331,239
Deni Miller 31,31,2019,28,TM14,74,2114.7,-0.36,670,333,196
Deni Miller 31,31,2020,29,TM22,77,2016.5,3.67,1255,464,348
Deni Miller 31,31,2021,30,TM23,77,2148.5,1.36,912,415,185
Deni Miller 31,31,2022,31,TM2,73,1765.0,0.42,617,264,216
Deni Miller 31,31,2023,32,TM19,73,2159.0,-1.52,880,331,124
Devin Smith 32,32,2014,23,TM3,73,2080.1,-0.32,801,377,181
Devin Smith 32,32,2015,24,TM3,74,1803.7,-0.12,683,317,160
Devin Smith 32,32,2016,25,TM2,78,1721.2,-0.71,716,314,197
Devin Smith 32,32,2017,26,TM9,74,1661.5,0.17,741,277,271
Devin Smith 32,32,2018,27,TM4,75,1714.2,-1.6,433,230,171
Devin Smith 32,32,2019,28,TM17,70,1799.9,1.58,877,394,159
Devin Smith 32,32,2020,29,TM4,78,1677.8,0.18,736,222,146
Devin Smith 32,32,2021,30,TM23,73,1467.6,-0.8,586,169,135
Devin Smith 32,32,2022,31,TM2,73,1796.4,-0.08,635,299,194
Devin Smith 32,32,2023,32,TM15,74,1972.2,0.59,847,260,137
Chris Smith 33,33,2014,21,TM1,79,2229.1,-3.36,517,196,157
Chris Smith 33,33,2015,22,TM3,78,1908.3,-1.37,634,285,124
Chris Smith 33,33,2016,23,TM8,74,2117.8,-1.16,633,311,130
Chris Smith 33,33,2017,24,TM16,74,1683.3,-1.48,603,217,137
Chris Smith 33,33,2018,25,TM10,80,1388.5,-1.13,413,268,158
Chris Smith 33,33,2019,26,TM20,74,1814.4,-0.68,686,249,212
Chris Smith 33,33,2020,27,TM28,76,2270.2,1.61,1230,644,346
Chris Smith 33,33,2021,28,TM21,73,1918.1,-0.35,634,367,243
Chris Smith 33,33,2022,29,TM28,75,1790.9,-1.04,557,263,166
Chris Smith 33,33,2023,30,TM9,76,1554.2,-2.29,357,223,186
Marcus Hayes 34,34,2016,20,TM18,74,2150.6,-2.95,327,245,130
Marcus Hayes 34,34,2017,21,TM8,77,1650.7,-1.62,453,237,145
Marcus Hayes 34,34,2018,22,TM1,78,1829.8,-0.36,643,243,178
Marcus Hayes 34,34,2019,23,TM15,79,2098.4,0.33,800,273,215
Marcus Hayes 34,34,2020,24,TM24,70,1990.7,-1.54,449,311,262
Marcus Hayes 34,34,2021,25,TM23,79,1477.1,-1.75,427,181,76
Marcus Hayes 34,34,2022,26,TM19,74,1845.4,2.32,879,535,296
Luka Wilson 35,35,2015,24,TM12,69,1939.0,1.11,845,425,234
Luka Wilson 35,35,2016,25,TM22,75,1741.4,2.05,1083,395,324
Luka Wilson 35,35,2017,26,TM14,73,1738.8,2.82,1175,451,183
Luka Wilson 35,35,2018,27,TM24,68,1905.2,1.09,961,409,316
Luka Wilson 35,35,2019,28,TM5,71,1925.3,1.77,1111,385,324
Luka Wilson 35,35,2020,29,TM8,71,2094.1,-0.05,735,410,252
Luka Wilson 35,35,2021,30,TM12,75,2026.9,0.26,717,436,256
Luka Wilson 35,35,2022,31,TM7,72,2199.7,-0.19,852,380,228
Luka Avdija 36,36,2018,20,TM25,76,2376.5,0.06,987,437,212
Luka Avdija 36,36,2019,21,TM26,76,2597.6,-0.14,1059,487,335
Luka Avdija 36,36,2020,22,TM7,77,2544.6,1.9,1363,423,409
Luka Avdija 36,36,2021,23,TM19,73,2382.5,2.25,1182,498,443
Luka Avdija 36,36,2022,24,TM13,73,1949.3,4.07,1347,610,273
Anthony Doncic 37,37,2015,23,TM3,78,1120.9,-6.11,71,91,0
Anthony Doncic 37,37,2016,24,TM19,67,804.0,-4.1,171,75,4
Anthony Doncic 37,37,2017,25,TM4,70,1254.3,-2.11,350,149,162
Anthony Doncic 37,37,2018,26,TM15,74,1128.8,-4.94,99,45,0
Anthony Doncic 37,37,2019,27,TM7,76,959.1,-2.68,179,112,47
Anthony Doncic 37,37,2020,28,TM6,68,1333.4,-4.15,129,109,17
Anthony Doncic 37,37,2021,29,TM15,73,1099.7,-2.91,268,117,60
Trae Doncic 38,38,2016,20,TM5,80,2019.6,-2.73,526,282,184
Trae Doncic 38,38,2017,21,TM12,78,1961.2,-2.73,511,378,108
Trae Doncic 38,38,2018,22,TM10,77,1704.0,-2.25,488,342,108
Trae Doncic 38,38,2019,23,TM24,74,1766.3,-0.04,660,269,185
Trae Doncic 38,38,2020,24,TM12,71,1981.8,0.55,886,402,280
Jalen Johnson 39,39,2013,23,TM4,75,2415.4,-1.08,735,355,344
Jalen Johnson 39,39,2014,24,TM30,76,2172.9,-1.11,571,366,198
Jalen Johnson 39,39,2015,25,TM5,70,1955.8,1.92,957,370,267
Jalen Johnson 39,39,2016,26,TM16,69,2021.2,1.26,968,323,213
Jalen Johnson 39,39,2017,27,TM28,76,1992.8,-0.29,730,337,314
Jalen Johnson 39,39,2018,28,TM6,72,1764.3,0.48,704,315,118
Jalen Johnson 39,39,2019,29,TM18,75,1759.0,1.27,983,352,260
Kevin Johnson 40,40,2014,24,TM16,72,1595.5,-2.64,473,151,110
Kevin Johnson 40,40,2015,25,TM12,77,1137.4,-2.04,200,101,144
Kevin Johnson 40,40,2016,26,TM3,73,1845.4,-3.28,240,137,27
Kevin Johnson 40,40,2017,27,TM5,75,1199.0,-2.2,331,159,79
Kevin Johnson 40,40,2018,28,TM7,72,1128.5,-3.54,242,121,93
Kevin Johnson 40,40,2019,29,TM12,74,1483.7,-0.63,516,283,68
Kevin Johnson 40,40,2020,30,TM12,74,888.0,-3.72,192,68,23
Kevin Johnson 40,40,2021,31,TM24,72,1342.4,-1.68,334,191,123
Kevin Johnson 40,40,2022,32,TM13,75,1265.1,-4.49,88,79,6
Devin Davis 41,41,2015,19,TM23,74,1736.7,-4.53,219,180,75
Devin Davis 41,41,2016,20,TM22,69,2110.4,-2.2,523,350,214
Devin Davis 41,41,2017,21,TM30,69,1658.2,-0.21,679,236,186
Devin Davis 41,41,2018,22,TM16,77,1623.7,-1.9,430,203,104
Devin Davis 41,41,2019,23,TM1,79,1879.6,0.18,791,365,252
Devin Davis 41,41,2020,24,TM14,75,1764.9,0.21,750,261,199
Devin Davis 41,41,2021,25,TM17,77,2284.2,-0.09,771,211,220
Devin Davis 41,41,2022,26,TM5,65,1502.9,-0.68,568,157,173
Devin Davis 41,41,2023,27,TM4,72,1754.1,1.34,590,400,306
Deni Young 42,42,2014,23,TM10,76,1432.5,-1.51,345,211,153
Deni Young 42,42,2015,24,TM12,77,1681.3,-1.9,361,190,198
Deni Young 42,42,2016,25,TM16,74,1601.5,-1.11,641,151,153
Deni Young 42,42,2017,26,TM1,75,1643.6,-2.18,357,179,139
Deni Young 42,42,2018,27,TM14,76,1276.1,-2.61,330,100,78
Deni Young 42,42,2019,28,TM30,69,1503.9,-3.45,203,200,84
Devin Johnson 43,43,2017,19,TM6,73,1672.6,-1.79,389,234,60
Devin Johnson 43,43,2018,20,TM1,73,1894.2,-1.28,706,250,172
Devin Johnson 43,43,2019,21,TM18,76,2284.6,-0.18,924,482,222
Devin Johnson 43,43,2020,22,TM20,74,2006.4,2.02,953,464,355
Devin Johnson 43,43,2021,23,TM1,74,1963.6,0.03,759,364,221
Devin Johnson 43,43,2022,24,TM16,73,1833.7,-0.2,739,205,157
Devin Johnson 43,43,2023,25,TM13,73,1745.3,0.85,692,336,275
Devin Johnson 43,43,2024,26,TM7,75,1857.1,1.47,865,343,203
Devin Johnson 43,43,2025,27,TM14,73,1982.9,0.33,637,295,302
Trae Miller 44,44,2014,23,TM29,75,1628.3,-4.66,199,126,57
Trae Miller 44,44,2015,24,TM11,82,1684.7,-1.25,476,196,294
Trae Miller 44,44,2016,25,TM23,76,1472.5,-0.51,565,254,79
Trae Miller 44,44,2017,26,TM21,74,1427.4,-0.55,487,142,190
Trae Miller 44,44,2018,27,TM22,74,1487.7,-2.47,362,116,62
Trae Miller 44,44,2019,28,TM28,73,1430.3,-1.98,210,222,130
Trae Miller 44,44,2020,29,TM22,76,1773.0,-3.76,133,159,63
Trae Miller 44,44,2021,30,TM30,75,1690.2,-2.69,530,202,172
Trae Miller 44,44,2022,31,TM12,75,1267.7,-2.33,280,130,146
Trae Miller 44,44,2023,32,TM23,73,1481.7,-2.07,327,180,78
Jordan Sengun 45,45,2016,23,TM6,71,1833.6,2.29,1008,484,317
Jordan Sengun 45,45,2017,24,TM5,75,2066.8,2.6,1134,529,320
Jordan Sengun 45,45,2018,25,TM7,73,2189.1,2.7,1238,503,339
Jordan Sengun 45,45,2019,26,TM20,75,2140.5,4.44,1519,501,427
Jordan Sengun 45,45,2020,27,TM1,67,1998.6,4.48,1224,466,317
Jordan Sengun 45,45,2021,28,TM25,72,2065.5,4.26,1427,457,323
Jordan Sengun 45,45,2022,29,TM15,76,2524.6,3.12,1422,452,338
Jordan Sengun 45,45,2023,30,TM17,76,2179.6,3.61,1438,534,482
Jordan Sengun 45,45,2024,31,TM6,81,2583.1,0.84,1181,393,373
Jordan Sengun 45,45,2025,32,TM14,76,2270.8,3.26,1353,471,438
Chris Davis 46,46,2018,24,TM13,73,2471.8,2.79,1452,554,179
Chris Davis 46,46,2019,25,TM1,78,2950.9,3.63,1875,786,536
Chris Davis 46,46,2020,26,TM14,70,1945.0,3.84,1305,553,354
Chris Davis 46,46,2021,27,TM23,74,2599.8,3.61,1576,656,437
Chris Davis 46,46,2022,28,TM27,76,2404.4,2.84,1278,644,193
Chris Davis 46,46,2023,29,TM7,73,2587.4,5.96,2005,692,601
Chris Davis 46,46,2024,30,TM13,76,1784.0,1.98,863,336,332
Chris Davis 46,46,2025,31,TM29,73,2495.6,2.15,1319,515,307
Chris Davis 46,46,2026,32,TM12,79,2733.9,2.17,1808,638,502
Alperen Porter 47,47,2019,20,TM29,75,925.7,-7.26,0,0,32
Alperen Porter 47,47,2020,21,TM25,76,912.0,-7.48,0,47,0
Alperen Porter 47,47,2021,22,TM8,76,912.0,-5.03,50,17,32
Alperen Porter 47,47,2022,23,TM9,74,888.0,-4.45,147,62,40
Alperen Porter 47,47,2023,24,TM5,77,924.0,-6.02,32,75,2
Alex Davis 48,48,2017,19,TM25,74,1918.0,-3.34,349,181,100
Alex Davis 48,48,2018,20,TM8,73,1884.8,-3.0,440,129,209
Alex Davis 48,48,2019,21,TM25,73,2046.8,-1.27,679,234,244
Alex Davis 48,48,2020,22,TM22,76,1927.7,-1.86,390,248,156
Alex Davis 48,48,2021,23,TM28,71,1772.0,-3.0,58,228,104
Alperen Avdija 49,49,2015,23,TM7,71,2425.5,0.13,886,406,279
Alperen Avdija 49,49,2016,24,TM26,73,1957.7,0.48,979,313,274
Alperen Avdija 49,49,2017,25,TM8,69,1796.0,-0.56,535,340,203
Alperen Avdija 49,49,2018,26,TM12,78,2413.2,3.06,1291,548,370
Alperen Avdija 49,49,2019,27,TM10,70,2116.1,2.2,1005,448,260
Taylor Avdija 50,50,2015,21,TM29,73,1433.1,-5.63,21,93,0
Taylor Avdija 50,50,2016,22,TM15,75,1106.7,-4.71,59,80,55
Taylor Avdija 50,50,2017,23,TM8,69,1226.7,-3.31,263,138,32
Taylor Avdija 50,50,2018,24,TM30,75,1396.8,-4.23,72,161,103
Taylor Avdija 50,50,2019,25,TM22,76,1220.4,-2.36,185,171,55
Chris Avdija 51,51,2015,19,TM16,71,1047.2,-4.23,257,91,0
Chris Avdija 51,51,2016,20,TM28,73,1333.5,-4.33,136,69,40
Chris Avdija 51,51,2017,21,TM1,67,1010.4,-0.97,252,161,107
Chris Avdija 51,51,2018,22,TM24,70,1579.0,-2.96,250,161,84
Chris Avdija 51,51,2019,23,TM28,74,1314.9,-2.17,394,117,47
Chris Avdija 51,51,2020,24,TM7,74,1382.6,-3.24,331,113,121
Chris Avdija 51,51,2021,25,TM15,70,1587.4,0.3,642,318,119
Marcus Wilson 52,52,2013,24,TM27,76,1157.6,-2.79,318,144,80
Marcus Wilson 52,52,2014,25,TM8,81,1484.4,-2.76,295,171,98
Marcus Wilson 52,52,2015,26,TM23,76,1329.5,-1.95,202,204,80
Marcus Wilson 52,52,2016,27,TM11,74,1207.9,-2.43,247,148,78
Marcus Wilson 52,52,2017,28,TM8,75,1055.3,-0.28,410,184,73
Marcus Wilson 52,52,2018,29,TM24,78,1974.6,-3.44,241,149,194
Tyler Porter 53,53,2014,19,TM14,71,1585.2,-5.67,5,118,34
Tyler Porter 53,53,2015,20,TM2,73,1471.8,-5.51,78,88,0
Tyler Porter 53,53,2016,21,TM27,72,864.0,-3.48,204,45,49
Tyler Porter 53,53,2017,22,TM30,65,1284.2,-4.61,253,105,12
Tyler Porter 53,53,2018,23,TM8,72,1891.0,-1.2,414,236,137
Chris Smith 54,54,2015,19,TM15,76,1994.7,-2.56,500,265,215
Chris Smith 54,54,2016,20,TM8,78,1910.3,-3.11,254,115,101
Chris Smith 54,54,2017,21,TM12,71,1688.7,-2.17,545,252,155
Chris Smith 54,54,2018,22,TM15,70,1683.4,-0.17,555,291,148
Chris Smith 54,54,2019,23,TM5,70,2036.3,0.14,710,339,312
Chris Smith 54,54,2020,24,TM25,74,2119.1,0.73,981,325,255
Chris Smith 54,54,2021,25,TM12,71,1700.0,-1.32,536,218,131
Chris Smith 54,54,2022,26,TM4,73,1685.7,0.75,819,388,231
Alperen Wilson 55,55,2014,21,TM28,74,2078.4,-0.44,960,336,198
Alperen Wilson 55,55,2015,22,TM4,77,2135.2,-0.54,918,219,233
Alperen Wilson 55,55,2016,23,TM18,78,2385.2,-1.57,769,362,228
Alperen Wilson 55,55,2017,24,TM4,78,2120.8,0.78,1059,397,275
Alperen Wilson 55,55,2018,25,TM29,76,2189.9,0.47,911,351,278
Kevin Sengun 56,56,2018,23,TM7,72,1607.5,0.85,709,374,235
Kevin Sengun 56,56,2019,24,TM20,78,1796.0,-0.8,710,333,142
Kevin Sengun 56,56,2020,25,TM2,74,1714.8,2.15,757,281,213
Kevin Sengun 56,56,2021,26,TM23,73,1460.4,-0.06,581,288,96
Kevin Sengun 56,56,2022,27,TM27,72,1464.7,0.93,556,263,184
Kevin Sengun 56,56,2023,28,TM23,76,1894.1,-0.36,803,253,164
Kevin Sengun 56,56,2024,29,TM18,79,1892.7,-1.58,630,255,222
Kevin Sengun 56,56,2025,30,TM28,68,1890.4,0.07,838,347,204
Kevin Sengun 56,56,2026,31,TM15,73,1685.2,-0.65,633,242,182
Kevin Sengun 56,56,2027,32,TM30,74,1777.9,-0.09,761,332,289
Jordan Doncic 57,57,2016,20,TM10,75,1867.3,-4.22,194,43,20
Jordan Doncic 57,57,2017,21,TM24,77,1843.0,-2.66,260,180,102
Jordan Doncic 57,57,2018,22,TM28,72,1819.7,-1.37,413,278,172
Jordan Doncic 57,57,2019,23,TM20,75,1444.8,-2.36,176,197,55
Jordan Doncic 57,57,2020,24,TM18,70,1741.8,-1.21,603,219,150
Jordan Doncic 57,57,2021,25,TM28,72,1350.4,-1.52,438,235,70
Alperen Young 58,58,2018,19,TM6,74,1757.7,-3.03,256,163,114
Alperen Young 58,58,2019,20,TM10,72,1689.2,-3.17,360,169,65
Alperen Young 58,58,2020,21,TM6,70,1416.3,-0.6,560,204,139
Alperen Young 58,58,2021,22,TM8,75,1562.0,-0.96,551,41,178
Alperen Young 58,58,2022,23,TM2,72,1730.6,-2.06,276,252,217
Alperen Young 58,58,2023,24,TM4,70,1490.0,-0.42,555,252,165
Alperen Young 58,58,2024,25,TM23,71,1517.3,-1.26,431,146,153
Alperen Young 58,58,2025,26,TM11,72,1734.1,-1.64,675,217,132
Jalen Jokic 59,59,2020,23,TM22,74,1647.2,-0.24,710,287,184
Jalen Jokic 59,59,2021,24,TM14,72,1815.8,-0.51,755,309,194
Jalen Jokic 59,59,2022,25,TM7,75,1771.0,2.2,796,265,263
Jalen Jokic 59,59,2023,26,TM7,77,1532.2,1.57,808,350,235
Jalen Jokic 59,59,2024,27,TM10,76,2007.0,0.82,1006,431,202
Jalen Jokic 59,59,2025,28,TM22,76,2468.3,1.0,1030,592,292
Chris Young 60,60,2019,21,TM24,75,1786.9,-2.2,585,192,119
Chris Young 60,60,2020,22,TM22,75,2158.7,-1.17,575,267,280
Chris Young 60,60,2021,23,TM29,73,1659.1,-0.96,476,264,136
Chris Young 60,60,2022,24,TM28,73,1680.8,-0.51,507,352,194
Chris Young 60,60,2023,25,TM30,75,1837.5,-0.83,485,284,168
Chris Young 60,60,2024,26,TM21,73,1536.0,-0.44,387,282,126
Chris Young 60,60,2025,27,TM20,71,1974.8,0.36,807,398,290
Chris Young 60,60,2026,28,TM30,72,1589.3,1.01,663,223,191
Chris Young 60,60,2027,29,TM22,72,1413.9,0.66,567,228,223
Alperen Wilson 61,61,2020,24,TM12,75,2164.7,1.36,1164,419,276
Alperen Wilson 61,61,2021,25,TM24,74,1721.1,-0.21,812,268,188
Alperen Wilson 61,61,2022,26,TM2,76,1769.6,0.37,759,310,214
Alperen Wilson 61,61,2023,27,TM9,76,1781.1,1.59,925,361,271
Alperen Wilson 61,61,2024,28,TM1,75,1918.4,-2.0,353,280,1
Alperen Wilson 61,61,2025,29,TM19,78,1320.2,0.35,409,245,147
Alperen Wilson 61,61,2026,30,TM12,74,2028.3,-1.44,601,288,263
Alperen Wilson 61,61,2027,31,TM2,76,1675.9,-0.82,438,218,233
Kevin Brown 62,62,2020,24,TM14,75,900.0,-6.46,0,42,43
Kevin Brown 62,62,2021,25,TM5,69,828.0,-4.49,130,67,10
Kevin Brown 62,62,2022,26,TM18,68,816.0,-5.66,74,0,22
Kevin Brown 62,62,2023,27,TM24,75,900.0,-3.4,270,89,15
Kevin Brown 62,62,2024,28,TM2,75,900.0,-5.75,14,19,63
Kevin Wilson 63,63,2016,22,TM26,79,2187.4,0.29,1089,398,293
Kevin Wilson 63,63,2017,23,TM16,73,1419.4,2.38,688,383,157
Kevin Wilson 63,63,2018,24,TM13,74,2172.4,3.36,1208,517,285
Kevin Wilson 63,63,2019,25,TM29,78,1926.1,2.05,985,380,242
Kevin Wilson 63,63,2020,26,TM27,75,1993.5,1.37,865,410,348
Kevin Wilson 63,63,2021,27,TM1,79,2624.2,3.09,1654,576,406
Jalen Jokic 64,64,2018,22,TM26,73,1989.5,-1.01,636,372,280
Jalen Jokic 64,64,2019,23,TM14,69,2037.8,0.97,823,311,248
Jalen Jokic 64,64,2020,24,TM8,70,2029.8,3.65,1303,520,199
Jalen Jokic 64,64,2021,25,TM8,74,2081.4,3.17,911,412,343
Jalen Jokic 64,64,2022,26,TM12,72,2375.6,1.19,1067,421,302
Jalen Jokic 64,64,2023,27,TM8,73,2179.1,2.51,984,555,286
Taylor Miller 65,65,2017,23,TM22,72,2004.8,-1.52,596,317,173
Taylor Miller 65,65,2018,24,TM19,75,1948.7,-0.88,848,283,175
Taylor Miller 65,65,2019,25,TM1,78,1711.0,1.54,974,396,194
Taylor Miller 65,65,2020,26,TM23,78,1992.5,0.7,797,371,296
Taylor Miller 65,65,2021,27,TM1,70,1396.4,0.18,647,235,152
Anthony Wilson 66,66,2015,22,TM2,71,2532.4,5.94,1769,720,472
Anthony Wilson 66,66,2016,23,TM11,73,2774.0,4.53,1809,623,594
Anthony Wilson 66,66,2017,24,TM3,73,2774.0,6.21,2404,948,591
Anthony Wilson 66,66,2018,25,TM10,74,2812.0,6.64,2167,911,642
Anthony Wilson 66,66,2019,26,TM28,74,2516.2,6.52,1791,826,555
Trae Williams 67,67,2013,24,TM2,75,1314.5,-0.08,463,274,137
Trae Williams 67,67,2014,25,TM13,74,1888.2,-2.11,495,210,125
Trae Williams 67,67,2015,26,TM5,73,1359.7,-1.54,351,191,49
Trae Williams 67,67,2016,27,TM28,73,1201.9,-0.3,584,243,77
Trae Williams 67,67,2017,28,TM28,77,1479.8,-0.5,426,190,182
Trae Williams 67,67,2018,29,TM8,67,1137.0,-2.16,191,110,128
Trae Williams 67,67,2019,30,TM13,79,1730.1,-4.82,183,124,125
Trae Williams 67,67,2020,31,TM25,75,1542.7,-1.97,546,213,130
Trae Williams 67,67,2021,32,TM6,75,1536.0,-1.87,414,202,196
Trae Williams 67,67,2022,33,TM30,72,1510.0,-3.79,182,146,84
Luka Moore 68,68,2017,20,TM22,72,2230.8,-0.75,785,277,112
Luka Moore 68,68,2018,21,TM1,78,2199.9,-0.88,695,434,253
Luka Moore 68,68,2019,22,TM26,69,1982.2,1.31,979,504,332
Luka Moore 68,68,2020,23,TM14,74,2223.2,1.13,933,445,280
Luka Moore 68,68,2021,24,TM27,72,2314.6,2.32,1277,572,196
Luka Moore 68,68,2022,25,TM6,73,2036.3,0.14,883,383,291
Luka Moore 68,68,2023,26,TM4,72,2212.8,1.64,1027,429,306
Jordan Sengun 69,69,2018,22,TM18,75,2114.4,2.28,1291,379,288
Jordan Sengun 69,69,2019,23,TM3,79,2014.4,2.05,818,391,302
Jordan Sengun 69,69,2020,24,TM8,70,2286.7,3.2,1259,490,361
Jordan Sengun 69,69,2021,25,TM12,68,1932.7,0.58,704,341,237
Jordan Sengun 69,69,2022,26,TM10,70,2204.0,1.76,1080,474,294
Jordan Sengun 69,69,2023,27,TM12,72,2143.0,2.2,1145,493,359
Jordan Sengun 69,69,2024,28,TM16,74,2068.2,3.36,1118,384,393
Jordan Sengun 69,69,2025,29,TM26,73,1816.0,4.25,1424,316,325
Jordan Sengun 69,69,2026,30,TM30,76,2264.1,2.5,1077,384,471
Marcus Doncic 70,70,2019,22,TM12,74,1387.7,-0.8,612,200,153
Marcus Doncic 70,70,2020,23,TM4,78,1640.8,-0.81,486,327,100
Marcus Doncic 70,70,2021,24,TM3,77,1880.0,0.96,966,327,249
Marcus Doncic 70,70,2022,25,TM26,70,1247.4,-0.58,281,232,119
Marcus Doncic 70,70,2023,26,TM22,67,1318.3,0.62,601,248,149
Anthony Doncic 71,71,2019,23,TM22,74,2229.7,0.04,836,459,227
Anthony Doncic 71,71,2020,24,TM18,76,2095.3,0.59,754,436,209
Anthony Doncic 71,71,2021,25,TM11,74,1890.1,0.5,727,372,206
Anthony Doncic 71,71,2022,26,TM24,73,1663.2,2.85,893,418,258
Anthony Doncic 71,71,2023,27,TM2,68,1877.7,0.85,822,351,203
Marcus Moore 72,72,2019,19,TM1,72,2184.3,-2.24,718,263,269
Marcus Moore 72,72,2020,20,TM1,76,2158.3,-3.48,13,290,188
Marcus Moore 72,72,2021,21,TM7,73,2499.6,2.2,1374,523,279
Marcus Moore 72,72,2022,22,TM29,76,2474.3,1.31,1320,462,320
Marcus Moore 72,72,2023,23,TM26,76,2173.8,1.95,1059,431,322
Marcus Moore 72,72,2024,24,TM22,76,2205.4,0.73,967,325,208
Marcus Moore 72,72,2025,25,TM23,70,2539.5,2.51,1293,595,539
Marcus Moore 72,72,2026,26,TM11,69,2015.1,1.88,864,397,245
Marcus Moore 72,72,2027,27,TM21,70,1625.8,1.56,820,326,277
Anthony Avdija 73,73,2014,24,TM19,74,1899.8,0.8,583,437,225
Anthony Avdija 73,73,2015,25,TM12,71,2283.8,-0.57,879,389,357
Anthony Avdija 73,73,2016,26,TM8,69,1669.4,0.95,777,296,213
Anthony Avdija 73,73,2017,27,TM26,76,2222.7,0.87,873,364,266
Anthony Avdija 73,73,2018,28,TM21,76,1783.7,0.87,748,308,231
Anthony Avdija 73,73,2019,29,TM27,70,2261.6,2.58,1261,474,381
Chris Miller 74,74,2017,22,TM7,75,2102.0,-2.74,482,272,180
Chris Miller 74,74,2018,23,TM30,76,1788.9,0.19,806,215,334
Chris Miller 74,74,2019,24,TM24,65,1615.6,-1.72,463,268,31
Chris Miller 74,74,2020,25,TM27,73,1795.7,0.62,757,286,186
Chris Miller 74,74,2021,26,TM8,71,1281.2,-0.92,414,204,167
Chris Miller 74,74,2022,27,TM28,78,1794.5,-0.23,729,242,242
Chris Miller 74,74,2023,28,TM28,72,1617.8,-2.52,412,188,135
Chris Miller 74,74,2024,29,TM12,77,1647.8,-0.67,541,368,129
Anthony Williams 75,75,2019,19,TM12,79,1246.7,-4.99,144,120,50
Anthony Williams 75,75,2020,20,TM28,71,1243.3,-6.95,0,47,0
Anthony Williams 75,75,2021,21,TM11,78,1752.8,-5.06,132,103,23
Anthony Williams 75,75,2022,22,TM15,72,1285.7,-3.26,287,111,98
Anthony Williams 75,75,2023,23,TM3,73,1430.7,-2.87,364,180,93
Anthony Williams 75,75,2024,24,TM2,75,1028.7,-3.12,180,82,19
Anthony Williams 75,75,2025,25,TM17,72,1255.9,-4.26,199,73,82
Anthony Williams 75,75,2026,26,TM3,73,1488.9,-2.96,344,66,46
Anthony Williams 75,75,2027,27,TM1,69,1116.6,-1.09,316,206,72
Anthony Williams 75,75,2028,28,TM12,74,1131.5,-2.2,405,155,102
Jordan Doncic 76,76,2018,20,TM28,75,1699.8,-4.93,1,146,30
Jordan Doncic 76,76,2019,21,TM9,73,1331.6,-4.44,160,110,56
Jordan Doncic 76,76,2020,22,TM5,77,1531.4,-5.35,33,84,0
Jordan Doncic 76,76,2021,23,TM22,75,1380.5,-3.13,251,48,38
Jordan Doncic 76,76,2022,24,TM27,74,1318.7,-0.6,453,253,195
Jordan Doncic 76,76,2023,25,TM12,73,1502.7,-4.13,312,115,86
Jordan Doncic 76,76,2024,26,TM20,74,1101.7,-1.42,298,141,82
Jordan Doncic 76,76,2025,27,TM27,80,1407.5,-0.77,587,239,165
Jordan Doncic 76,76,2026,28,TM14,76,1379.1,-2.16,293,175,87
Jordan Doncic 76,76,2027,29,TM30,72,1338.6,-3.02,302,95,82
Anthony Williams 77,77,2020,21,TM30,70,1408.7,-2.35,286,159,52
Anthony Williams 77,77,2021,22,TM13,74,2015.3,-2.18,666,331,193
Anthony Williams 77,77,2022,23,TM2,76,1634.3,-1.35,549,179,140
Anthony Williams 77,77,2023,24,TM15,74,1537.1,1.06,565,274,212
Anthony Williams 77,77,2024,25,TM10,72,1561.8,-0.08,638,240,208
Anthony Williams 77,77,2025,26,TM14,70,1565.7,0.94,688,295,67
Anthony Williams 77,77,2026,27,TM14,69,1606.1,1.06,682,221,248
Anthony Williams 77,77,2027,28,TM13,76,1665.1,-1.86,384,183,98
Anthony Williams 77,77,2028,29,TM13,77,1815.1,0.23,580,178,228
Alex Wilson 78,78,2015,23,TM26,74,2420.8,2.47,1726,542,281
Alex Wilson 78,78,2016,24,TM8,74,2393.5,2.21,1355,533,373
Alex Wilson 78,78,2017,25,TM9,67,2008.1,2.08,964,431,363
Alex Wilson 78,78,2018,26,TM29,75,2355.5,2.73,1295,516,457
Alex Wilson 78,78,2019,27,TM3,74,2225.5,3.7,1248,458,507
Alex Wilson 78,78,2020,28,TM29,71,2148.6,4.64,1476,464,456
Alex Wilson 78,78,2021,29,TM9,75,2624.1,2.21,1150,501,485
Alex Wilson 78,78,2022,30,TM18,72,2084.6,2.44,1158,349,306
Alex Wilson 78,78,2023,31,TM24,69,2219.6,2.47,1304,394,287
Devin Johnson 79,79,2016,21,TM4,72,2133.6,0.62,938,335,313
Devin Johnson 79,79,2017,22,TM26,71,2454.7,2.29,1215,520,279
Devin Johnson 79,79,2018,23,TM21,76,2280.8,2.32,1195,365,294
Devin Johnson 79,79,2019,24,TM10,76,2515.5,3.83,1699,564,522
Devin Johnson 79,79,2020,25,TM20,72,2602.1,1.35,1145,436,307
Devin Johnson 79,79,2021,26,TM13,68,1677.8,2.37,1046,347,322
Devin Johnson 79,79,2022,27,TM14,70,2155.7,4.11,1308,566,265
Devin Johnson 79,79,2023,28,TM7,78,2134.3,2.0,1113,318,308
Devin Johnson 79,79,2024,29,TM26,72,2326.3,3.93,1458,601,317
Nikola Williams 80,80,2015,20,TM21,78,1646.1,-3.67,295,148,74
Nikola Williams 80,80,2016,21,TM6,61,1140.1,-2.68,318,126,32
Nikola Williams 80,80,2017,22,TM17,75,1377.8,-1.87,331,74,135
Nikola Williams 80,80,2018,23,TM20,76,1845.7,-1.09,758,214,171
Nikola Williams 80,80,2019,24,TM22,73,1267.4,-0.36,484,194,134
Nikola Williams 80,80,2020,25,TM8,72,1210.0,-0.73,459,226,191
